NameOfBook,PriceOfBook
In Her Wake,£12.84
How Music Works,£37.32
Foolproof Preserving: A Guide ...,£30.52
Chase Me (Paris Nights ...,£25.27
Black Dust,£34.53
Birdsong: A Story in ...,£54.64
America's Cradle of Quarterbacks: ...,£22.50
Aladdin and His Wonderful ...,£53.13
Worlds Elsewhere: Journeys Around ...,£40.30
Wall and Piece,£44.18
The Four Agreements: A ...,£17.66
The Five Love Languages: ...,£31.05
The Elephant Tree,£23.82
The Bear and the ...,£36.89
Sophie's World,£15.94
Penny Maybe,£33.29
Maude (1883-1993):She Grew Up ...,£18.02
"In a Dark, Dark ...",£19.63
Behind Closed Doors,£52.22
You can't bury them ...,£33.63
