Donald,OConnell,650.507.9833,DOCONNEL
Douglas,Grant,650.507.9844,DGRANT
Jennifer,Whalen,515.123.4444,JWHALEN
Michael,Hartstein,515.123.5555,MHARTSTE
Pat,Fay,603.123.6666,PFAY
Susan,Mavris,515.123.7777,SMAVRIS
Hermann,Baer,515.123.8888,HBAER
Shelley,Higgins,515.123.8080,SHIGGINS
William,Gietz,515.123.8181,WGIETZ
Steven,King,515.123.4567,SKING
Neena,Kochhar,515.123.4568,NKOCHHAR
Lex,De Haan,515.123.4569,LDEHAAN
Alexander,Hunold,590.423.4567,AHUNOLD
Bruce,Ernst,590.423.4568,BERNST
David,Austin,590.423.4569,DAUSTIN
Valli,Pataballa,590.423.4560,VPATABAL
Diana,Lorentz,590.423.5567,DLORENTZ
Nancy,Greenberg,515.124.4569,NGREENBE
Daniel,Faviet,515.124.4169,DFAVIET
John,Chen,515.124.4269,JCHEN
Ismael,Sciarra,515.124.4369,ISCIARRA
Jose Manuel,Urman,515.124.4469,JMURMAN
Luis,Popp,515.124.4567,LPOPP
Den,Raphaely,515.127.4561,DRAPHEAL
Alexander,Khoo,515.127.4562,AKHOO
Shelli,Baida,515.127.4563,SBAIDA
Sigal,Tobias,515.127.4564,STOBIAS
Guy,Himuro,515.127.4565,GHIMURO
Karen,Colmenares,515.127.4566,KCOLMENA
Matthew,Weiss,650.123.1234,MWEISS
Adam,Fripp,650.123.2234,AFRIPP
Payam,Kaufling,650.123.3234,PKAUFLIN
Shanta,Vollman,650.123.4234,SVOLLMAN
Kevin,Mourgos,650.123.5234,KMOURGOS
Julia,Nayer,650.124.1214,JNAYER
Irene,Mikkilineni,650.124.1224,IMIKKILI
James,Landry,650.124.1334,JLANDRY
Steven,Markle,650.124.1434,SMARKLE
Laura,Bissot,650.124.5234,LBISSOT
Mozhe,Atkinson,650.124.6234,MATKINSO
James,Marlow,650.124.7234,JAMRLOW
TJ,Olson,650.124.8234,TJOLSON
Jason,Mallin,650.127.1934,JMALLIN
Michael,Rogers,650.127.1834,MROGERS
Ki,Gee,650.127.1734,KGEE
Hazel,Philtanker,650.127.1634,HPHILTAN
Renske,Ladwig,650.121.1234,RLADWIG
Stephen,Stiles,650.121.2034,SSTILES
John,Seo,650.121.2019,JSEO
Joshua,Patel,650.121.1834,JPATEL
